{"cameraMode":{"drawMode":0,"name":"Shaded","section":"Shading Mode"},"sceneLighting":false,"audioPlay":false,"sceneViewState":{"m_AlwaysRefresh":false,"showFog":true,"showSkybox":false,"showFlares":true,"showImageEffects":true,"showParticleSystems":true,"showVisualEffectGraphs":true,"m_FxEnabled":true},"in2DMode":false,"pivot":{"x":-0.26461100578308108,"y":0.5298705697059631,"z":-0.020433127880096437},"rotation":{"x":0.1276821345090866,"y":0.6085119247436523,"z":-0.10000133514404297,"w":0.7768115997314453},"size":1.6009857654571534,"orthographic":true}