{"cameraMode":{"drawMode":0,"name":"Shaded","section":"Shading Mode"},"sceneLighting":false,"audioPlay":false,"sceneViewState":{"m_AlwaysRefresh":false,"showFog":true,"showSkybox":true,"showFlares":true,"showImageEffects":true,"showParticleSystems":true,"showVisualEffectGraphs":true,"m_FxEnabled":true},"in2DMode":false,"pivot":{"x":531.48876953125,"y":261.35101318359377,"z":-30.24091339111328},"rotation":{"x":0.1598135530948639,"y":0.0008877449436113238,"z":-0.00014919480599928647,"w":0.987159013748169},"size":211.3365936279297,"orthographic":true}